{
  "Version": "2012-10-17",
  "Statement": [
    {
      "Sid": "ConfigRulesStatement",
      "Effect": "Deny",
      "Action": [
        "config:PutConfigRule",
        "config:DeleteConfigRule",
        "config:DeleteEvaluationResults",
        "config:DeleteConfigurationAggregator",
        "config:PutConfigurationAggregator"
      ],
      "Resource": "*",
      "Condition": {
        "ArnNotLike": {
          "aws:PrincipalARN": [
            "arn:${PARTITION}:iam::*:role/${ACCELERATOR_PREFIX}-*",
            "arn:${PARTITION}:iam::*:role/${MANAGEMENT_ACCOUNT_ACCESS_ROLE}",
            "arn:${PARTITION}:iam::*:role/cdk-accel-*"
          ]
        }
      }
    },
    {
      "Sid": "LambdaStatement",
      "Effect": "Deny",
      "Action": [
        "lambda:AddPermission",
        "lambda:CreateEventSourceMapping",
        "lambda:CreateFunction",
        "lambda:DeleteEventSourceMapping",
        "lambda:DeleteFunction",
        "lambda:DeleteFunctionConcurrency",
        "lambda:Invoke*",
        "lambda:PutFunctionConcurrency",
        "lambda:RemovePermission",
        "lambda:UpdateEventSourceMapping",
        "lambda:UpdateFunctionCode",
        "lambda:UpdateFunctionConfiguration"
      ],
      "Resource": "arn:${PARTITION}:lambda:*:*:function:${ACCELERATOR_PREFIX}-*",
      "Condition": {
        "ArnNotLike": {
          "aws:PrincipalARN": [
            "arn:${PARTITION}:iam::*:role/${ACCELERATOR_PREFIX}-*",
            "arn:${PARTITION}:iam::*:role/${MANAGEMENT_ACCOUNT_ACCESS_ROLE}",
            "arn:${PARTITION}:iam::*:role/cdk-accel-*"
          ]
        }
      }
    },
    {
      "Sid": "SnsStatement",
      "Effect": "Deny",
      "Action": [
        "sns:AddPermission",
        "sns:CreateTopic",
        "sns:DeleteTopic",
        "sns:RemovePermission",
        "sns:SetTopicAttributes",
        "sns:Subscribe",
        "sns:Unsubscribe"
      ],
      "Resource": "arn:${PARTITION}:sns:*:*:aws-accelerator-*",
      "Condition": {
        "ArnNotLike": {
          "aws:PrincipalARN": [
            "arn:${PARTITION}:iam::*:role/${ACCELERATOR_PREFIX}-*",
            "arn:${PARTITION}:iam::*:role/${MANAGEMENT_ACCOUNT_ACCESS_ROLE}",
            "arn:${PARTITION}:iam::*:role/cdk-accel-*"
          ]
        }
      }
    },
    {
      "Sid": "EbsEncryptionStatement",
      "Effect": "Deny",
      "Action": ["ec2:DisableEbsEncryptionByDefault"],
      "Resource": "*",
      "Condition": {
        "ArnNotLike": {
          "aws:PrincipalARN": [
            "arn:${PARTITION}:iam::*:role/${ACCELERATOR_PREFIX}-*",
            "arn:${PARTITION}:iam::*:role/${MANAGEMENT_ACCOUNT_ACCESS_ROLE}",
            "arn:${PARTITION}:iam::*:role/cdk-accel-*"
          ]
        }
      }
    },
    {
      "Sid": "PreventCloudWatchLogsModification",
      "Effect": "Deny",
      "Action": [
        "logs:DisassociateKmsKey",
        "logs:DeleteLogGroup",
        "logs:DeleteRetentionPolicy",
        "logs:AssociateKmsKey",
        "logs:PutRetentionPolicy",
        "logs:CreateLogGroup"
      ],
      "Resource": [
        "arn:${PARTITION}:logs:*:*:log-group:aws-accelerator-*",
        "arn:${PARTITION}:logs:*:*:log-group:/aws/lambda/${ACCELERATOR_PREFIX}-*"
      ],
      "Condition": {
        "ArnNotLike": {
          "aws:PrincipalARN": [
            "arn:${PARTITION}:iam::*:role/${ACCELERATOR_PREFIX}-*",
            "arn:${PARTITION}:iam::*:role/${MANAGEMENT_ACCOUNT_ACCESS_ROLE}",
            "arn:${PARTITION}:iam::*:role/cdk-accel-*"
          ]
        }
      }
    },
    {
      "Sid": "PreventCloudWatchLogStreamModification",
      "Effect": "Deny",
      "Action": ["logs:DeleteLogStream"],
      "Resource": [
        "arn:${PARTITION}:logs:*:*:log-group:aws-accelerator-*:log-stream:*",
        "arn:${PARTITION}:logs:*:*:log-group:/aws/lambda/${ACCELERATOR_PREFIX}-*:log-stream:*"
      ],
      "Condition": {
        "ArnNotLike": {
          "aws:PrincipalARN": [
            "arn:${PARTITION}:iam::*:role/${ACCELERATOR_PREFIX}-*",
            "arn:${PARTITION}:iam::*:role/${MANAGEMENT_ACCOUNT_ACCESS_ROLE}",
            "arn:${PARTITION}:iam::*:role/cdk-accel-*"
          ]
        }
      }
    }
  ]
}
